{"v":"5.5.7","fr":25,"ip":0,"op":48,"w":1000,"h":1000,"nm":"ball moving","ddd":0,"assets":[],"layers":[{"ddd":0,"ind":1,"ty":4,"nm":"Layer 6 Outlines","parent":3,"sr":1,"ks":{"o":{"a":0,"k":100,"ix":11},"r":{"a":0,"k":0,"ix":10},"p":{"a":0,"k":[166.435,160.731,0],"ix":2},"a":{"a":0,"k":[166.159,161.262,0],"ix":1},"s":{"a":0,"k":[100,100,100],"ix":6}},"ao":0,"shapes":[{"ty":"gr","it":[{"ind":0,"ty":"sh","ix":1,"ks":{"a":0,"k":{"i":[[0,0],[-0.005,-1.158],[0,0],[-0.83,-0.802],[0,0],[-1.101,0.353],[0,0],[0.642,0.965],[0,0],[1.114,0.312]],"o":[[-1.117,-0.31],[0,0],[0.005,1.161],[0,0],[1.021,0.549],[0,0],[1.102,-0.353],[0,0],[-0.64,-0.967],[0,0]],"v":[[-128.897,83.248],[-130.92,84.792],[-130.857,105.535],[-129.334,109.105],[-58.933,160.305],[-55.077,160.658],[-35.26,154.291],[-34.419,151.892],[-67.636,101.623],[-70.824,99.303]],"c":true},"ix":2},"nm":"Path 1","mn":"ADBE Vector Shape - Group","hd":false},{"ind":1,"ty":"sh","ix":2,"ks":{"a":0,"k":{"i":[[0,0],[-1.105,-0.353],[0,0],[-1.02,0.549],[0,0],[-0.005,1.161],[0,0],[1.112,-0.31],[0,0],[0.637,-0.967]],"o":[[-0.637,0.965],[0,0],[1.106,0.353],[0,0],[0.835,-0.802],[0,0],[0.006,-1.158],[0,0],[-1.117,0.312],[0,0]],"v":[[34.42,151.892],[35.263,154.291],[55.075,160.658],[58.931,160.305],[129.334,109.105],[130.855,105.535],[130.918,84.792],[128.903,83.248],[70.827,99.303],[67.639,101.623]],"c":true},"ix":2},"nm":"Path 2","mn":"ADBE Vector Shape - Group","hd":false},{"ind":2,"ty":"sh","ix":3,"ks":{"a":0,"k":{"i":[[0,0],[1.097,0.358],[0,0],[0.055,-1.155],[0,0],[-0.726,-0.902],[0,0],[-0.68,0.939],[0,0],[0.208,1.145]],"o":[[-0.516,-1.041],[0,0],[-1.099,-0.361],[0,0],[-0.048,1.16],[0,0],[0.723,0.906],[0,0],[0.68,-0.939],[0,0]],"v":[[138.837,-85.711],[135.904,-88.255],[116.176,-94.737],[114.082,-93.292],[111.411,-33.097],[112.632,-29.347],[150.172,17.779],[152.718,17.718],[164.851,0.904],[165.701,-2.877]],"c":true},"ix":2},"nm":"Path 3","mn":"ADBE Vector Shape - Group","hd":false},{"ind":3,"ty":"sh","ix":4,"ks":{"a":0,"k":{"i":[[0,0],[-0.355,1.102],[0,0],[0.937,0.678],[0,0],[0.935,-0.68],[0,0],[-0.356,-1.102],[0,0],[-1.16,0]],"o":[[1.158,0],[0,0],[0.355,-1.102],[0,0],[-0.929,-0.68],[0,0],[-0.934,0.678],[0,0],[0.361,1.102],[0,0]],"v":[[35.199,55.757],[37.959,53.753],[59.716,-13.201],[58.662,-16.44],[1.699,-57.825],[-1.701,-57.825],[-58.659,-16.44],[-59.712,-13.201],[-37.956,53.753],[-35.199,55.757]],"c":true},"ix":2},"nm":"Path 4","mn":"ADBE Vector Shape - Group","hd":false},{"ind":4,"ty":"sh","ix":5,"ks":{"a":0,"k":{"i":[[0,0],[0.682,0.934],[0,0],[1.135,0.239],[15.816,0],[0,0],[0.688,-0.934],[0,0],[-1.087,-0.408],[0,0],[-1.087,0.407]],"o":[[1.084,-0.408],[0,0],[-0.683,-0.934],[0,0],[-15.808,0],[-1.129,0.239],[0,0],[-0.681,0.934],[0,0],[1.081,0.407],[0,0]],"v":[[58.393,-133.75],[59.122,-136.188],[46.837,-152.979],[43.536,-155.117],[0,-161.011],[-43.534,-155.117],[-46.836,-152.979],[-59.118,-136.188],[-58.387,-133.75],[-1.967,-112.609],[1.976,-112.609]],"c":true},"ix":2},"nm":"Path 5","mn":"ADBE Vector Shape - Group","hd":false},{"ind":5,"ty":"sh","ix":6,"ks":{"a":0,"k":{"i":[[0,0],[1.101,-0.361],[0,0],[0.512,-1.041],[0,0],[-0.675,-0.937],[0,0],[-0.723,0.906],[0,0],[0.051,1.16]],"o":[[-0.048,-1.155],[0,0],[-1.099,0.358],[0,0],[-0.209,1.14],[0,0],[0.68,0.939],[0,0],[0.723,-0.902],[0,0]],"v":[[-114.081,-93.292],[-116.175,-94.737],[-135.904,-88.255],[-138.833,-85.711],[-165.7,-2.877],[-164.85,0.901],[-152.715,17.718],[-150.169,17.779],[-112.626,-29.347],[-111.408,-33.097]],"c":true},"ix":2},"nm":"Path 6","mn":"ADBE Vector Shape - Group","hd":false},{"ty":"mm","mm":1,"nm":"Merge Paths 1","mn":"ADBE Vector Filter - Merge","hd":false},{"ty":"fl","c":{"a":0,"k":[0.086914099899,0.106511875227,0.082861791873,1],"ix":4},"o":{"a":0,"k":100,"ix":5},"r":1,"bm":0,"nm":"Fill 1","mn":"ADBE Vector Graphic - Fill","hd":false},{"ty":"tr","p":{"a":0,"k":[166.159,161.262],"ix":2},"a":{"a":0,"k":[0,0],"ix":1},"s":{"a":0,"k":[100,100],"ix":3},"r":{"a":0,"k":0,"ix":6},"o":{"a":0,"k":100,"ix":7},"sk":{"a":0,"k":0,"ix":4},"sa":{"a":0,"k":0,"ix":5},"nm":"Transform"}],"nm":"Group 1","np":8,"cix":2,"bm":0,"ix":1,"mn":"ADBE Vector Group","hd":false}],"ip":0,"op":82,"st":7,"bm":0},{"ddd":0,"ind":2,"ty":4,"nm":"Layer 8 Outlines","parent":3,"sr":1,"ks":{"o":{"a":0,"k":100,"ix":11},"r":{"a":0,"k":0,"ix":10},"p":{"a":0,"k":[166.543,170.477,0],"ix":2},"a":{"a":0,"k":[151.545,144.153,0],"ix":1},"s":{"a":0,"k":[100,100,100],"ix":6}},"ao":0,"shapes":[{"ty":"gr","it":[{"ind":0,"ty":"sh","ix":1,"ks":{"a":0,"k":{"i":[[0,0],[0.638,-0.968],[0,0],[1.152,0],[0,0],[0.642,0.964],[0,0],[-0.675,0.942],[0,0],[-1.16,0],[0,0],[-0.673,-0.942]],"o":[[0.67,0.942],[0,0],[-0.637,0.964],[0,0],[-1.16,0],[0,0],[-0.64,-0.968],[0,0],[0.676,-0.942],[0,0],[1.158,0],[0,0]],"v":[[67.575,-6.55],[67.638,-3.079],[34.419,47.19],[31.155,48.946],[-31.147,48.946],[-34.42,47.19],[-67.636,-3.079],[-67.573,-6.55],[-38.533,-47.232],[-35.199,-48.946],[35.199,-48.946],[38.53,-47.232]],"c":true},"ix":2},"nm":"Path 1","mn":"ADBE Vector Shape - Group","hd":false},{"ty":"fl","c":{"a":0,"k":[0.999999820485,0.999999760646,0.999999820485,1],"ix":4},"o":{"a":0,"k":100,"ix":5},"r":1,"bm":0,"nm":"Fill 1","mn":"ADBE Vector Graphic - Fill","hd":false},{"ty":"tr","p":{"a":0,"k":[151.437,239.111],"ix":2},"a":{"a":0,"k":[0,0],"ix":1},"s":{"a":0,"k":[100,100],"ix":3},"r":{"a":0,"k":0,"ix":6},"o":{"a":0,"k":100,"ix":7},"sk":{"a":0,"k":0,"ix":4},"sa":{"a":0,"k":0,"ix":5},"nm":"Transform"}],"nm":"Group 1","np":2,"cix":2,"bm":0,"ix":1,"mn":"ADBE Vector Group","hd":false},{"ty":"gr","it":[{"ind":0,"ty":"sh","ix":1,"ks":{"a":0,"k":{"i":[[0,0],[1.115,0.312],[0,0],[0.358,1.101],[0,0],[-0.724,0.907],[0,0],[-1.105,-0.343],[0,0],[-0.355,-1.102],[0,0],[0.676,-0.942]],"o":[[-0.675,0.942],[0,0],[-1.118,-0.309],[0,0],[-0.358,-1.099],[0,0],[0.723,-0.901],[0,0],[1.107,0.342],[0,0],[0.36,1.102],[0,0]],"v":[[26.819,63.702],[23.566,64.853],[-34.505,48.798],[-37.188,46.235],[-56.438,-13.024],[-55.777,-16.673],[-18.236,-63.798],[-14.914,-64.821],[32.02,-50.276],[34.678,-47.652],[56.435,19.304],[55.858,23.021]],"c":true},"ix":2},"nm":"Path 1","mn":"ADBE Vector Shape - Group","hd":false},{"ty":"fl","c":{"a":0,"k":[0.947172456629,0.94823327158,0.9372289321,1],"ix":4},"o":{"a":0,"k":100,"ix":5},"r":1,"bm":0,"nm":"Fill 1","mn":"ADBE Vector Graphic - Fill","hd":false},{"ty":"tr","p":{"a":0,"k":[57.046,168.858],"ix":2},"a":{"a":0,"k":[0,0],"ix":1},"s":{"a":0,"k":[100,100],"ix":3},"r":{"a":0,"k":0,"ix":6},"o":{"a":0,"k":100,"ix":7},"sk":{"a":0,"k":0,"ix":4},"sa":{"a":0,"k":0,"ix":5},"nm":"Transform"}],"nm":"Group 2","np":2,"cix":2,"bm":0,"ix":2,"mn":"ADBE Vector Group","hd":false},{"ty":"gr","it":[{"ind":0,"ty":"sh","ix":1,"ks":{"a":0,"k":{"i":[[0,0],[0.937,0.678],[0,0],[0,1.158],[0,0],[-1.087,0.407],[0,0],[-0.94,-0.677],[0,0],[0.056,-1.155],[0,0],[1.104,-0.343]],"o":[[-1.107,0.343],[0,0],[-0.934,-0.68],[0,0],[0,-1.155],[0,0],[1.084,-0.408],[0,0],[0.935,0.68],[0,0],[-0.053,1.16],[0,0]],"v":[[5.305,58.994],[1.593,58.379],[-55.365,16.996],[-57.069,13.655],[-57.069,-34.946],[-55.093,-37.789],[1.324,-58.929],[5.003,-58.434],[55.408,-21.813],[57.013,-18.472],[54.347,41.723],[52.243,44.45]],"c":true},"ix":2},"nm":"Path 1","mn":"ADBE Vector Shape - Group","hd":false},{"ty":"fl","c":{"a":0,"k":[0.947172456629,0.94823327158,0.9372289321,1],"ix":4},"o":{"a":0,"k":100,"ix":5},"r":1,"bm":0,"nm":"Fill 1","mn":"ADBE Vector Graphic - Fill","hd":false},{"ty":"tr","p":{"a":0,"k":[208.505,59.587],"ix":2},"a":{"a":0,"k":[0,0],"ix":1},"s":{"a":0,"k":[100,100],"ix":3},"r":{"a":0,"k":0,"ix":6},"o":{"a":0,"k":100,"ix":7},"sk":{"a":0,"k":0,"ix":4},"sa":{"a":0,"k":0,"ix":5},"nm":"Transform"}],"nm":"Group 3","np":2,"cix":2,"bm":0,"ix":3,"mn":"ADBE Vector Group","hd":false},{"ty":"gr","it":[{"ind":0,"ty":"sh","ix":1,"ks":{"a":0,"k":{"i":[[0,0],[1.11,-0.31],[0,0],[0.675,0.942],[0,0],[-0.358,1.102],[0,0],[-1.107,0.343],[0,0],[-0.725,-0.902],[0,0],[0.358,-1.099]],"o":[[-0.36,1.102],[0,0],[-1.118,0.312],[0,0],[-0.67,-0.942],[0,0],[0.357,-1.102],[0,0],[1.107,-0.343],[0,0],[0.723,0.906],[0,0]],"v":[[37.187,46.233],[34.506,48.798],[-23.566,64.852],[-26.821,63.701],[-55.869,23.019],[-56.438,19.303],[-34.683,-47.653],[-32.023,-50.278],[14.912,-64.822],[18.235,-63.799],[55.776,-16.672],[56.438,-13.025]],"c":true},"ix":2},"nm":"Path 1","mn":"ADBE Vector Shape - Group","hd":false},{"ty":"fl","c":{"a":0,"k":[0.947172456629,0.94823327158,0.9372289321,1],"ix":4},"o":{"a":0,"k":100,"ix":5},"r":1,"bm":0,"nm":"Fill 1","mn":"ADBE Vector Graphic - Fill","hd":false},{"ty":"tr","p":{"a":0,"k":[246.044,168.859],"ix":2},"a":{"a":0,"k":[0,0],"ix":1},"s":{"a":0,"k":[100,100],"ix":3},"r":{"a":0,"k":0,"ix":6},"o":{"a":0,"k":100,"ix":7},"sk":{"a":0,"k":0,"ix":4},"sa":{"a":0,"k":0,"ix":5},"nm":"Transform"}],"nm":"Group 4","np":2,"cix":2,"bm":0,"ix":4,"mn":"ADBE Vector Group","hd":false},{"ty":"gr","it":[{"ind":0,"ty":"sh","ix":1,"ks":{"a":0,"k":{"i":[[0,0],[0.051,1.16],[0,0],[-0.937,0.681],[0,0],[-1.086,-0.408],[0,0],[0,-1.156],[0,0],[0.935,-0.68],[0,0],[1.107,0.343]],"o":[[-1.105,-0.343],[0,0],[-0.049,-1.155],[0,0],[0.937,-0.677],[0,0],[1.081,0.407],[0,0],[0,1.157],[0,0],[-0.934,0.678],[0,0]],"v":[[-52.241,44.45],[-54.343,41.723],[-57.016,-18.472],[-55.407,-21.813],[-5.001,-58.434],[-1.323,-58.929],[55.098,-37.789],[57.065,-34.945],[57.065,13.656],[55.364,16.996],[-1.594,58.38],[-5.306,58.994]],"c":true},"ix":2},"nm":"Path 1","mn":"ADBE Vector Shape - Group","hd":false},{"ty":"fl","c":{"a":0,"k":[0.999999820485,0.999999760646,0.999999820485,1],"ix":4},"o":{"a":0,"k":100,"ix":5},"r":1,"bm":0,"nm":"Fill 1","mn":"ADBE Vector Graphic - Fill","hd":false},{"ty":"tr","p":{"a":0,"k":[94.372,59.587],"ix":2},"a":{"a":0,"k":[0,0],"ix":1},"s":{"a":0,"k":[100,100],"ix":3},"r":{"a":0,"k":0,"ix":6},"o":{"a":0,"k":100,"ix":7},"sk":{"a":0,"k":0,"ix":4},"sa":{"a":0,"k":0,"ix":5},"nm":"Transform"}],"nm":"Group 5","np":2,"cix":2,"bm":0,"ix":5,"mn":"ADBE Vector Group","hd":false}],"ip":0,"op":82,"st":7,"bm":0},{"ddd":0,"ind":3,"ty":4,"nm":"Layer 5 Outlines","sr":1,"ks":{"o":{"a":0,"k":100,"ix":11},"r":{"a":1,"k":[{"i":{"x":[0.833],"y":[0.833]},"o":{"x":[0.167],"y":[0.167]},"t":0,"s":[-644]},{"i":{"x":[0.833],"y":[0.833]},"o":{"x":[0.167],"y":[0.167]},"t":25,"s":[-359]},{"t":40,"s":[0]}],"ix":10},"p":{"a":1,"k":[{"i":{"x":0.833,"y":0.833},"o":{"x":0.167,"y":0.167},"t":0,"s":[-134.038,517.682,0],"to":[0,0,0],"ti":[0,0,0]},{"i":{"x":0.833,"y":0.833},"o":{"x":0.167,"y":0.167},"t":9,"s":[143.962,730.682,0],"to":[0,0,0],"ti":[-112.104,-6.381,0]},{"i":{"x":0.833,"y":0.833},"o":{"x":0.167,"y":0.167},"t":16,"s":[288.587,608.682,0],"to":[33.072,1.883,0],"ti":[-21.333,31.333,0]},{"i":{"x":0.833,"y":0.833},"o":{"x":0.167,"y":0.167},"t":23,"s":[404.587,696.682,0],"to":[9.717,-14.272,0],"ti":[-46.177,71.51,0]},{"i":{"x":0.833,"y":0.833},"o":{"x":0.167,"y":0.167},"t":32,"s":[486.476,494.126,0],"to":[27.859,-43.143,0],"ti":[-16.827,11.953,0]},{"i":{"x":0.833,"y":0.833},"o":{"x":0.167,"y":0.167},"t":37,"s":[578.587,400.682,0],"to":[27.515,-19.545,0],"ti":[-23.095,4.339,0]},{"t":40,"s":[661.788,367.623,0]}],"ix":2},"a":{"a":0,"k":[166.438,166.438,0],"ix":1},"s":{"a":1,"k":[{"i":{"x":[0.833,0.833,0.833],"y":[0.833,0.833,0.833]},"o":{"x":[0.167,0.167,0.167],"y":[0.167,0.167,0.167]},"t":25,"s":[65,65,100]},{"t":40,"s":[97.529,97.529,100]}],"ix":6}},"ao":0,"shapes":[{"ty":"gr","it":[{"ind":0,"ty":"sh","ix":1,"ks":{"a":0,"k":{"i":[[0,-91.787],[91.787,0],[0,91.779],[-91.781,0]],"o":[[0,91.779],[-91.781,0],[0,-91.787],[91.787,0]],"v":[[166.188,0.003],[-0.003,166.188],[-166.188,0.003],[-0.003,-166.188]],"c":true},"ix":2},"nm":"Path 1","mn":"ADBE Vector Shape - Group","hd":false},{"ty":"fl","c":{"a":0,"k":[0.947172456629,0.94823327158,0.9372289321,1],"ix":4},"o":{"a":0,"k":100,"ix":5},"r":1,"bm":0,"nm":"Fill 1","mn":"ADBE Vector Graphic - Fill","hd":false},{"ty":"tr","p":{"a":0,"k":[166.438,166.438],"ix":2},"a":{"a":0,"k":[0,0],"ix":1},"s":{"a":0,"k":[100,100],"ix":3},"r":{"a":0,"k":0,"ix":6},"o":{"a":0,"k":100,"ix":7},"sk":{"a":0,"k":0,"ix":4},"sa":{"a":0,"k":0,"ix":5},"nm":"Transform"}],"nm":"Group 1","np":2,"cix":2,"bm":0,"ix":1,"mn":"ADBE Vector Group","hd":false}],"ip":0,"op":82,"st":7,"bm":0},{"ddd":0,"ind":4,"ty":4,"nm":"Shape Layer 1","td":1,"sr":1,"ks":{"o":{"a":0,"k":100,"ix":11},"r":{"a":0,"k":0,"ix":10},"p":{"a":1,"k":[{"i":{"x":0.833,"y":0.833},"o":{"x":0.167,"y":0.167},"t":26,"s":[224,1040,0],"to":[22.376,-50.878,0],"ti":[-48.494,106.563,0]},{"i":{"x":0.833,"y":0.833},"o":{"x":0.167,"y":0.167},"t":35,"s":[333.395,734.521,0],"to":[3.582,-7.872,0],"ti":[-17.938,25.487,0]},{"i":{"x":0.833,"y":0.833},"o":{"x":0.167,"y":0.167},"t":37,"s":[390.383,631.038,0],"to":[4.866,-6.913,0],"ti":[-19.328,21.341,0]},{"i":{"x":0.833,"y":0.833},"o":{"x":0.167,"y":0.167},"t":38,"s":[469.812,555.298,0],"to":[19.568,-21.607,0],"ti":[-4.941,6.037,0]},{"i":{"x":0.833,"y":0.833},"o":{"x":0.167,"y":0.167},"t":39,"s":[477.984,532.196,0],"to":[33.405,-40.817,0],"ti":[-15.153,21.329,0]},{"t":44,"s":[500,500,0]}],"ix":2},"a":{"a":0,"k":[0,0,0],"ix":1},"s":{"a":0,"k":[100,100,100],"ix":6}},"ao":0,"shapes":[{"ty":"gr","it":[{"ind":0,"ty":"sh","ix":1,"ks":{"a":0,"k":{"i":[[314.728,-144.092],[0,0],[1,9],[0,0]],"o":[[-332,152],[0,0],[-24.878,-223.903],[0,0]],"v":[[84,-272],[-90,244],[2,292],[228,50]],"c":true},"ix":2},"nm":"Path 1","mn":"ADBE Vector Shape - Group","hd":false},{"ty":"fl","c":{"a":0,"k":[1,1,1,1],"ix":4},"o":{"a":0,"k":100,"ix":5},"r":1,"bm":0,"nm":"Fill 1","mn":"ADBE Vector Graphic - Fill","hd":false},{"ty":"tr","p":{"a":0,"k":[0,0],"ix":2},"a":{"a":0,"k":[0,0],"ix":1},"s":{"a":0,"k":[100,100],"ix":3},"r":{"a":0,"k":0,"ix":6},"o":{"a":0,"k":100,"ix":7},"sk":{"a":0,"k":0,"ix":4},"sa":{"a":0,"k":0,"ix":5},"nm":"Transform"}],"nm":"Shape 1","np":3,"cix":2,"bm":0,"ix":1,"mn":"ADBE Vector Group","hd":false}],"ip":22,"op":97,"st":22,"bm":0},{"ddd":0,"ind":5,"ty":4,"nm":"path of ball Outlines","tt":1,"sr":1,"ks":{"o":{"a":0,"k":100,"ix":11},"r":{"a":0,"k":0,"ix":10},"p":{"a":0,"k":[530.221,492.124,0],"ix":2},"a":{"a":0,"k":[141.342,243.622,0],"ix":1},"s":{"a":0,"k":[100,100,100],"ix":6}},"ao":0,"shapes":[{"ty":"gr","it":[{"ind":0,"ty":"sh","ix":1,"ks":{"a":0,"k":{"i":[[5.466,-2.873],[7.464,-5.529],[1.876,-1.401],[1.807,-1.503],[1.726,-1.602],[0,0],[0.129,0.045],[1.864,0.647],[2.122,0.825],[4.986,2.46],[2.627,1.422],[2.63,1.777],[1.36,0.891],[1.348,0.963],[2.732,2.089],[3.004,2.798],[-0.589,1.391],[-5.517,9.652],[-3.861,5.691],[-0.729,-0.868],[-1.711,-1.825],[-1.782,-1.709],[-0.889,-0.843],[-0.945,-0.767],[-1.823,-1.546],[-1.854,-1.422],[-3.722,-2.434],[-7.291,-2.678],[-1.767,-0.589],[-1.691,-0.508],[-3.057,-0.672],[-1.465,-0.14],[-1.345,-0.157],[-1.254,-0.028],[-0.266,-0.005]],"o":[[-7.766,4.169],[-1.861,1.389],[-1.886,1.386],[-1.775,1.543],[0,0],[-0.124,-0.045],[-1.549,-0.536],[-1.838,-0.752],[-4.214,-1.726],[-2.488,-1.234],[-2.532,-1.599],[-1.323,-0.865],[-1.343,-0.912],[-2.724,-1.897],[-3.061,-2.549],[0.567,-1.401],[4.298,-10.459],[3.531,-6.118],[0.726,0.876],[1.726,1.843],[1.671,1.858],[0.894,0.85],[0.881,0.845],[1.856,1.576],[1.8,1.564],[3.688,2.874],[7.659,4.552],[1.821,0.683],[1.774,0.528],[3.351,1.092],[1.533,0.33],[1.452,0.17],[1.351,0.13],[0.271,0.008],[-5.375,2.242]],"v":[[50.623,75.795],[27.561,90.235],[21.96,94.419],[16.556,98.923],[11.222,103.554],[8.899,105.792],[8.527,105.661],[3.4,103.886],[-2.556,101.568],[-16.42,95.265],[-24.048,91.159],[-31.949,86.371],[-35.975,83.734],[-39.976,80.865],[-48.041,74.714],[-57.15,66.689],[-55.451,62.49],[-40.719,32.178],[-29.661,14.41],[-27.469,17.032],[-22.307,22.536],[-17.028,27.799],[-14.353,30.34],[-11.634,32.785],[-6.114,37.456],[-0.484,41.767],[10.847,49.476],[33.308,60.563],[38.637,62.571],[43.839,64.13],[53.575,66.435],[58.048,67.225],[62.244,67.722],[66.116,68.103],[66.908,68.126]],"c":true},"ix":2},"nm":"Path 1","mn":"ADBE Vector Shape - Group","hd":false},{"ind":1,"ty":"sh","ix":2,"ks":{"a":0,"k":{"i":[[0,0],[0.8,-0.866],[1.584,-1.739],[1.485,-1.808],[1.317,-1.917],[1.348,-1.861],[1.262,-1.892],[1.084,-1.963],[0.711,-1.239],[0.854,0.114],[1.596,0.257],[3.806,0.929],[2.026,0.53],[2.082,0.769],[4.301,2.087],[2.691,1.676],[-0.511,2.531],[-3.125,10.716],[-2.209,6.07],[-2.409,-1.853],[-5.884,-3.082],[-1.452,-0.704],[-1.412,-0.654],[-2.704,-1.001],[-1.3,-0.462],[-1.272,-0.33],[-2.272,-0.524],[-1.972,-0.416],[-1.414,-0.236],[0,0]],"o":[[-0.815,0.856],[-1.589,1.744],[-1.571,1.746],[-1.447,1.836],[-1.361,1.878],[-1.383,1.841],[-1.201,1.926],[-0.716,1.251],[-0.761,-0.102],[-1.381,-0.224],[-3.179,-0.533],[-1.916,-0.412],[-1.998,-0.645],[-4.191,-1.435],[-2.747,-1.382],[0.472,-2.495],[2.125,-10.462],[1.808,-6.124],[2.391,2.008],[5.918,4.23],[1.44,0.825],[1.447,0.705],[2.891,1.184],[1.358,0.484],[1.292,0.47],[2.531,0.701],[2.275,0.525],[1.645,0.279],[0,0],[0,0]],"v":[[3.593,110.941],[1.196,113.543],[-3.569,118.763],[-8.046,124.183],[-12.35,129.687],[-16.411,135.297],[-20.192,141.02],[-23.782,146.752],[-25.915,150.479],[-28.324,150.159],[-32.794,149.44],[-43.33,147.288],[-49.217,145.729],[-55.381,143.729],[-68.132,138.339],[-76.295,133.718],[-74.821,126.176],[-66.785,94.333],[-60.739,76.029],[-53.454,81.733],[-35.717,92.807],[-31.35,95.052],[-27.068,97.115],[-18.722,100.515],[-14.734,101.941],[-10.903,103.2],[-3.739,105.199],[2.618,106.666],[7.188,107.44],[6.126,108.468]],"c":true},"ix":2},"nm":"Path 2","mn":"ADBE Vector Shape - Group","hd":false},{"ind":2,"ty":"sh","ix":3,"ks":{"a":0,"k":{"i":[[0.828,-1.947],[1.442,-3.765],[1.231,-3.575],[0.549,-1.736],[0.36,-1.274],[1.724,0.003],[2.452,0.069],[2.769,0.243],[2.965,0.398],[3.039,0.619],[0.667,0.157],[-0.217,2.752],[-1.294,9.726],[-0.744,4.407],[-0.88,-0.388],[-1.203,-0.528],[-4.659,-1.036],[-1.133,-0.221],[-1.107,-0.145],[-2.067,-0.099],[-3.323,0.107],[-1.434,0.13],[-0.366,0.038],[0.939,-1.78]],"o":[[-1.737,3.864],[-1.546,3.711],[-0.63,1.779],[-0.396,1.303],[-1.33,0.018],[-2.021,0.006],[-2.455,-0.114],[-2.775,-0.196],[-2.968,-0.384],[-0.665,-0.143],[0.178,-2.605],[0.71,-8.555],[0.579,-4.248],[0.866,0.449],[1.219,0.538],[4.866,1.955],[1.155,0.304],[1.137,0.209],[2.225,0.249],[4.11,0.341],[1.663,-0.083],[0.381,-0.04],[-1.026,1.769],[-0.965,1.932]],"v":[[-32.976,164.086],[-37.883,175.47],[-41.965,186.445],[-43.635,191.755],[-44.786,195.614],[-49.381,195.629],[-56.13,195.515],[-63.997,195.061],[-72.636,194.142],[-81.663,192.571],[-83.661,192.093],[-83.075,184.058],[-80.049,156.536],[-78.044,143.528],[-75.437,144.815],[-71.8,146.412],[-57.455,150.959],[-54.005,151.664],[-50.652,152.261],[-44.245,152.997],[-33.05,153.286],[-28.41,153.05],[-27.312,152.939],[-30.144,158.331]],"c":true},"ix":2},"nm":"Path 3","mn":"ADBE Vector Shape - Group","hd":false},{"ind":3,"ty":"sh","ix":4,"ks":{"a":0,"k":{"i":[[0.618,0.198],[2.784,1.201],[2.472,1.505],[2.028,1.749],[0.945,0.858],[0.866,0.836],[1.213,1.574],[0.582,0.8],[0.277,2.031],[1.049,14.666],[-0.077,15.631],[-0.538,-1.619],[-0.782,-2.062],[-0.919,-2.167],[-1.036,-2.249],[-0.594,-1.117],[-0.66,-1.112],[-3.354,-4.326],[-4.079,-3.836],[-4.687,-2.937],[-0.15,-0.099],[0.462,-5.367],[0.089,-8.695],[-0.018,-2.254]],"o":[[-2.985,-0.899],[-2.758,-1.272],[-2.41,-1.571],[-1.072,-0.815],[-0.985,-0.823],[-1.64,-1.731],[-0.756,-0.888],[-0.281,-1.98],[-1.64,-12.759],[-0.957,-14.349],[0.429,1.518],[0.622,1.94],[0.747,2.079],[0.876,2.184],[0.556,1.109],[0.584,1.132],[2.544,4.5],[3.31,4.363],[4.118,3.79],[0.144,0.104],[-0.729,5.636],[-0.889,9.946],[-0.038,2.371],[-0.622,-0.185]],"v":[[-90.689,190.179],[-99.314,186.896],[-107.165,182.715],[-113.945,177.823],[-116.898,175.236],[-119.538,172.636],[-123.869,167.655],[-125.842,165.109],[-126.678,159.1],[-130.792,117.816],[-132.188,72.698],[-130.755,77.392],[-128.648,83.404],[-126.09,89.75],[-123.054,96.331],[-121.316,99.664],[-119.45,103.026],[-110.549,116.321],[-99.338,128.626],[-86.141,138.894],[-85.695,139.179],[-87.464,155.714],[-88.798,183.789],[-88.825,190.722]],"c":true},"ix":2},"nm":"Path 4","mn":"ADBE Vector Shape - Group","hd":false},{"ind":4,"ty":"sh","ix":5,"ks":{"a":0,"k":{"i":[[-1.361,13.173],[-3.831,16.57],[-0.495,2.071],[-0.299,-2.267],[-0.617,-3.044],[-0.939,-3.168],[-2.671,-6.729],[-1.675,-3.336],[-1.81,-3.354],[-4.653,-6.202],[-5.43,-5.37],[-0.612,-0.582],[2.153,-7.571],[1.912,-10.746],[0.21,-1.287],[2.687,2.524],[3.219,3.892],[2.683,4.052],[1.31,1.949],[1.084,1.97],[0.988,1.879],[0.891,1.77],[0.795,1.633],[0.683,1.47],[0.567,1.241]],"o":[[1.739,-16.679],[0.465,-2.082],[0.264,2.099],[0.503,2.825],[0.711,3.021],[1.67,6.405],[1.412,3.336],[1.554,3.394],[3.79,6.613],[4.765,6.125],[0.615,0.586],[-2.757,7.509],[-3.183,11.056],[-0.231,1.295],[-2.91,-2.198],[-3.742,-3.442],[-3.201,-3.899],[-1.419,-1.97],[-1.196,-2.024],[-1.128,-1.948],[-1.036,-1.858],[-0.934,-1.749],[-0.822,-1.617],[-0.672,-1.414],[0.359,-12.795]],"v":[[-129.446,22.399],[-121.29,-27.71],[-119.848,-33.942],[-118.934,-27.4],[-117.304,-18.573],[-114.981,-9.233],[-108.351,10.512],[-103.839,20.581],[-98.611,30.622],[-85.865,49.901],[-70.532,67.23],[-68.693,68.977],[-76.074,91.637],[-83.471,124.528],[-84.105,128.387],[-92.51,121.286],[-102.968,110.225],[-111.904,98.316],[-115.816,92.31],[-119.338,86.377],[-122.524,80.636],[-125.377,75.171],[-127.911,70.07],[-130.135,65.417],[-131.997,61.429]],"c":true},"ix":2},"nm":"Path 5","mn":"ADBE Vector Shape - Group","hd":false},{"ind":5,"ty":"sh","ix":6,"ks":{"a":0,"k":{"i":[[-3.879,10.249],[-1.67,3.79],[-0.79,1.901],[-0.838,1.871],[-0.888,1.828],[-0.901,1.81],[-1.879,3.508],[-8.684,11.447],[1.018,-2.242],[1.048,-2.947],[1.158,-7.662],[0.116,-0.977],[0.104,-0.998],[0.213,-2.082],[0.092,-2.163],[-0.1,-2.221],[-0.101,-2.283],[-0.269,-2.326],[-0.36,-2.358],[-0.428,-2.394],[-3.734,-9.51],[-2.11,-4.717],[-1.173,-2.31],[-0.627,-1.133],[0,0],[-5.191,-6.715],[1.381,-1.978],[1.556,-2.404],[1.455,-2.491],[4.542,-10.802],[0.056,-0.14],[4.09,5.336],[3.785,6.161],[2.95,6.251],[1.251,3.088],[0.621,1.508],[0.549,1.493],[1.536,5.369],[0.622,2.47],[0.459,2.234],[0.081,0.437]],"o":[[1.528,-3.887],[0.792,-1.907],[0.807,-1.894],[0.86,-1.861],[0.907,-1.82],[1.739,-3.651],[7.571,-13.653],[-0.857,1.894],[-0.98,2.511],[-1.927,5.946],[-0.153,0.954],[-0.102,0.987],[-0.206,2.008],[-0.232,2.087],[-0.02,2.16],[0.101,2.227],[0.056,2.292],[0.267,2.322],[0.424,2.351],[1.904,9.53],[1.706,4.821],[1.132,2.322],[0.602,1.148],[0,0],[4.248,7.461],[-1.424,1.919],[-1.623,2.328],[-1.531,2.422],[-5.834,9.979],[-0.056,0.14],[-4.539,-4.836],[-4.44,-5.836],[-3.658,-6.235],[-1.416,-3.148],[-0.635,-1.54],[-0.561,-1.531],[-2.16,-5.984],[-0.684,-2.709],[-0.555,-2.491],[-0.087,-0.442],[2.881,-10.736]],"v":[[-107.012,-76.318],[-102.407,-87.92],[-100.033,-93.637],[-97.505,-99.253],[-94.946,-104.815],[-92.238,-110.263],[-86.635,-120.908],[-62.131,-158.707],[-64.943,-152.507],[-67.868,-144.272],[-72.752,-123.792],[-73.23,-120.898],[-73.54,-117.92],[-74.166,-111.784],[-74.419,-105.409],[-74.502,-98.824],[-74.197,-92.058],[-73.596,-85.145],[-72.751,-78.098],[-71.472,-70.979],[-63.202,-42.181],[-57.205,-27.976],[-53.684,-21.059],[-51.887,-17.611],[-49.933,-14.247],[-35.643,7.027],[-39.854,12.861],[-44.622,19.959],[-49.102,27.332],[-64.708,58.641],[-64.87,59.063],[-77.902,43.813],[-90.212,25.712],[-100.201,6.948],[-104.299,-2.377],[-106.179,-6.953],[-107.846,-11.488],[-113.3,-28.611],[-115.264,-36.387],[-116.857,-43.47],[-117.098,-44.76]],"c":true},"ix":2},"nm":"Path 6","mn":"ADBE Vector Shape - Group","hd":false},{"ind":6,"ty":"sh","ix":7,"ks":{"a":0,"k":{"i":[[0,-0.02],[-0.007,-0.01]],"o":[[-0.008,-0.02],[0.006,-0.01]],"v":[[-84.799,241.003],[-84.804,240.983]],"c":true},"ix":2},"nm":"Path 7","mn":"ADBE Vector Shape - Group","hd":false},{"ind":7,"ty":"sh","ix":8,"ks":{"a":0,"k":{"i":[[2.156,-0.16],[4.037,-0.393],[5.588,-0.904],[6.804,-1.612],[1.736,-0.538],[1.805,-0.551],[1.866,-0.589],[1.882,-0.716],[0.706,-0.269],[0.609,0.101],[1.178,0.203],[1.272,0.302],[2.843,1.079],[3.08,1.424],[1.638,0.675],[1.661,0.799],[6.941,4.76],[3.316,2.95],[0.855,0.718],[0.81,0.79],[1.681,1.564],[5.669,7.339],[-0.059,0.071],[-6.872,6.885],[-6.707,5.257],[-5.882,3.724],[-4.43,2.379],[-2.437,1.165],[0,0],[2.57,-0.861],[4.697,-1.904],[6.29,-3.257],[7.248,-4.915],[7.446,-6.791],[6.53,-7.938],[3.473,6.208],[0,0],[0.577,1.078],[1.084,2.183],[1.681,4.527],[1.566,4.465],[0.67,2.239],[0.449,2.25],[0.506,2.202],[0.398,2.181],[0.538,4.194],[0.134,2.046],[-0.017,1.985],[-0.02,1.916],[-0.008,0.945],[-0.064,0.927],[-0.145,1.767],[-0.117,0.86],[-0.127,0.835],[-0.224,1.589],[-0.109,0.777],[-0.16,0.739],[-0.566,2.569],[-0.609,2.099],[-0.274,0.939],[-0.297,0.8],[-0.028,0.071],[-7.738,7.821],[-8.04,6.651],[-3.668,2.648],[-3.14,2.067],[-2.404,1.658],[-1.699,1.089],[0,0],[3.575,-1.876],[2.598,-1.364],[3.265,-1.912],[3.867,-2.427],[4.344,-3.006],[2.244,-1.688],[2.283,-1.891],[2.396,-1.995],[2.437,-2.166],[9.465,-11.633],[8.16,-14.202],[6.108,-16.085],[3.895,-17.001],[1.66,-17.044],[0.34,-4.232],[0.116,-4.191],[-0.093,-8.144],[-1.485,-14.819],[-2.28,-12.775],[-2.501,-10.225],[-2.181,-7.23],[-1.335,-3.818],[0,0],[1.015,3.904],[1.675,7.337],[1.911,10.293],[0.97,6.268],[-2.008,-2.338],[-2.612,-2.158],[-1.483,-0.914],[-1.562,-0.84],[-3.402,-1.087],[-1.716,-0.409],[-0.109,-2.044],[-0.526,-5.034],[-0.386,-2.679],[-0.109,-0.691],[-0.029,-0.167],[-0.017,-0.035],[0,-0.01],[0,0.012],[-0.02,-0.005],[0.005,0.353],[0.028,1.351],[0.002,5.033],[-0.241,6.989],[-0.094,1.884],[-0.279,-0.039],[-1.691,-0.134],[-1.642,-0.003],[-5.068,1.074],[-1.995,0.657],[-0.977,0.384],[0.975,-5.174],[0.378,-4.042],[0.076,-2.166],[0,0],[-0.421,2.124],[-0.931,3.907],[-1.536,5.347],[-1.061,2.937],[-0.531,1.546],[-0.586,1.6],[-3.367,7.022],[-4.33,7.255],[-2.537,3.531],[-2.653,3.539],[-1.412,1.716],[-1.501,1.655],[-1.523,1.643],[-0.78,0.802],[0,0],[0,0],[-1.672,1.481],[-1.761,1.36],[-1.746,1.355],[-7.273,4.306],[-0.914,0.512],[-0.919,0.485],[-1.792,0.98],[-0.888,0.482],[-0.898,0.431],[-1.764,0.809],[-1.742,0.757],[-1.698,0.693],[-1.648,0.66],[-1.632,0.498],[-5.412,1.363],[-3.943,0.792],[-2.107,0.503],[0,0]],"o":[[-2.155,0.185],[-4.056,0.259],[-5.628,0.746],[-1.716,0.363],[-1.744,0.533],[-1.811,0.536],[-1.835,0.663],[-0.705,0.256],[-0.573,-0.096],[-1.071,-0.182],[-1.18,-0.19],[-2.529,-0.732],[-2.861,-0.99],[-1.559,-0.645],[-1.619,-0.703],[-6.669,-3.184],[-3.348,-2.579],[-0.85,-0.713],[-0.86,-0.714],[-1.655,-1.541],[-6.267,-6.225],[0.058,-0.069],[6.438,-8.393],[6.893,-6.857],[6.733,-5.225],[5.897,-3.701],[4.435,-2.351],[2.438,-1.17],[0,0],[-2.559,0.868],[-4.691,1.899],[-6.311,3.222],[-7.274,4.885],[-7.002,6.329],[-4.141,-5.715],[0,0],[-0.599,-1.066],[-1.117,-2.176],[-1.985,-4.453],[-1.894,-4.437],[-0.775,-2.234],[-0.635,-2.242],[-0.516,-2.242],[-0.433,-2.211],[-0.891,-4.347],[-0.259,-2.1],[-0.074,-2.051],[0.021,-1.99],[0.007,-0.965],[0.025,-0.944],[0.152,-1.843],[0.081,-0.878],[0.124,-0.856],[0.239,-1.676],[0.116,-0.797],[0.168,-0.759],[0.66,-2.967],[0.737,-2.531],[0.312,-1.059],[0.338,-0.916],[0.023,-0.071],[7.707,-9.68],[8.974,-9.132],[4.095,-3.232],[3.644,-2.676],[3.097,-2.134],[2.462,-1.582],[3.399,-2.184],[0,0],[-1.792,0.942],[-2.556,1.439],[-3.306,1.845],[-3.907,2.371],[-2.193,1.48],[-2.214,1.724],[-2.279,1.904],[-2.405,1.988],[-9.614,8.804],[-9.487,11.593],[-8.177,14.184],[-6.19,16.045],[-3.811,17.02],[-0.457,4.263],[-0.2,4.234],[-0.302,8.385],[0.14,16.283],[1.49,14.825],[2.269,12.783],[2.493,10.237],[2.173,7.236],[1.354,3.811],[0,0],[-1.026,-3.907],[-1.656,-7.345],[-1,-5.524],[1.323,2.3],[1.952,2.397],[1.343,1.024],[1.437,0.988],[3.148,1.625],[1.703,0.51],[0.078,2.196],[0.335,7.047],[0.51,5.032],[0.216,1.333],[0.043,0.264],[-0.003,0.034],[0,0.01],[0.004,-0.005],[0.01,0.015],[-0.005,-0.178],[-0.015,-0.698],[-0.074,-2.701],[0.015,-5.028],[0.069,-1.775],[0.279,0.046],[1.716,0.284],[1.691,0.143],[6.565,0.139],[2.531,-0.568],[1.201,-0.379],[-1.721,6.195],[-0.997,5.582],[-0.432,4.034],[-0.074,2.168],[0,0],[0.388,-2.12],[0.899,-3.915],[0.85,-2.655],[0.503,-1.475],[0.563,-1.534],[2.448,-6.377],[3.285,-7.063],[2.26,-3.577],[2.391,-3.63],[1.29,-1.8],[1.449,-1.688],[1.52,-1.642],[0.767,-0.82],[0,0],[0,0],[1.634,-1.538],[1.709,-1.437],[1.757,-1.366],[7.015,-5.38],[0.901,-0.543],[0.924,-0.491],[1.841,-0.967],[0.894,-0.483],[0.881,-0.483],[1.813,-0.838],[1.77,-0.81],[1.759,-0.69],[1.708,-0.69],[1.642,-0.678],[6.492,-2.091],[5.377,-1.46],[3.92,-0.891],[2.105,-0.533],[0,0]],"v":[[137.783,51.764],[128.415,52.561],[113.928,54.577],[95.301,58.532],[90.14,59.954],[84.814,61.576],[79.312,63.3],[73.757,65.422],[71.627,66.247],[69.853,65.945],[66.476,65.366],[62.803,64.473],[54.641,62.203],[45.621,58.918],[40.83,56.938],[35.951,54.572],[15.578,42.302],[5.334,34.343],[2.778,32.196],[0.238,29.987],[-4.77,25.329],[-22.999,5.141],[-22.831,4.92],[-2.809,-18.111],[17.718,-36.321],[36.777,-49.751],[52.384,-58.865],[62.785,-64.186],[66.519,-65.983],[62.564,-64.716],[51.536,-60.672],[34.876,-53.087],[14.337,-40.985],[-7.971,-23.534],[-28.465,-2.13],[-40.016,-19.985],[-41.883,-23.153],[-43.601,-26.397],[-46.972,-32.912],[-52.85,-46.23],[-57.771,-59.682],[-59.762,-66.437],[-61.536,-73.145],[-63.068,-79.807],[-64.217,-86.407],[-65.881,-99.268],[-66.258,-105.493],[-66.501,-111.553],[-66.442,-117.417],[-66.413,-120.281],[-66.21,-123.076],[-65.769,-128.494],[-65.532,-131.116],[-65.157,-133.652],[-64.459,-138.552],[-64.122,-140.913],[-63.628,-143.16],[-61.788,-151.469],[-59.762,-158.422],[-58.881,-161.418],[-57.929,-163.992],[-57.855,-164.198],[-34.528,-190.468],[-8.631,-213.979],[2.902,-222.984],[12.967,-230.301],[21.232,-236.005],[27.485,-240.021],[32.699,-243.372],[27.213,-240.496],[20.613,-237.03],[11.882,-231.973],[1.238,-225.365],[-10.963,-217.023],[-17.524,-212.146],[-24.373,-206.846],[-31.385,-200.994],[-38.519,-194.619],[-67.501,-164.022],[-94.316,-125.262],[-116.07,-79.741],[-131.07,-29.896],[-139.074,21.444],[-140.127,34.199],[-140.718,46.839],[-140.998,71.647],[-138.221,118.451],[-132.338,159.973],[-124.992,194.598],[-117.799,220.897],[-112.331,237.556],[-110.191,243.372],[-111.816,237.399],[-115.877,220.392],[-121.255,193.801],[-124.217,176.084],[-119.29,183.154],[-112.337,189.955],[-108.144,192.956],[-103.602,195.629],[-93.727,199.732],[-88.596,201.126],[-88.312,207.498],[-86.881,225.7],[-85.39,237.343],[-84.9,240.392],[-84.799,241.021],[-84.782,241.133],[-84.775,241.171],[-84.771,241.141],[-84.735,241.171],[-84.751,240.379],[-84.816,237.292],[-84.9,225.598],[-84.494,207.473],[-84.251,201.981],[-83.411,202.124],[-78.292,202.732],[-73.291,202.982],[-55.593,201.273],[-48.778,199.438],[-45.525,198.277],[-49.433,215.462],[-51.465,229.978],[-52.088,239.369],[-52.114,242.692],[-51.516,239.43],[-49.506,230.308],[-45.721,216.355],[-42.985,207.917],[-41.433,203.383],[-39.705,198.678],[-31.049,178.458],[-19.416,156.983],[-12.398,146.201],[-4.635,135.579],[-0.428,130.423],[3.898,125.315],[8.462,120.387],[10.756,117.928],[13.183,115.592],[17.993,110.895],[23.036,106.46],[28.124,102.117],[33.379,98.032],[54.962,83.561],[57.662,81.932],[60.429,80.469],[65.873,77.555],[68.551,76.105],[71.264,74.818],[76.631,72.338],[81.874,69.936],[87.079,67.892],[92.105,65.864],[96.999,64.033],[114.79,58.319],[128.766,54.526],[137.864,52.338],[141.092,51.523]],"c":true},"ix":2},"nm":"Path 8","mn":"ADBE Vector Shape - Group","hd":false},{"ty":"mm","mm":1,"nm":"Merge Paths 1","mn":"ADBE Vector Filter - Merge","hd":false},{"ty":"fl","c":{"a":0,"k":[0.086914099899,0.106511875227,0.082861791873,1],"ix":4},"o":{"a":0,"k":100,"ix":5},"r":1,"bm":0,"nm":"Fill 1","mn":"ADBE Vector Graphic - Fill","hd":false},{"ty":"tr","p":{"a":0,"k":[141.341,243.622],"ix":2},"a":{"a":0,"k":[0,0],"ix":1},"s":{"a":0,"k":[100,100],"ix":3},"r":{"a":0,"k":0,"ix":6},"o":{"a":0,"k":100,"ix":7},"sk":{"a":0,"k":0,"ix":4},"sa":{"a":0,"k":0,"ix":5},"nm":"Transform"}],"nm":"Group 1","np":10,"cix":2,"bm":0,"ix":1,"mn":"ADBE Vector Group","hd":false}],"ip":20,"op":102,"st":27,"bm":0},{"ddd":0,"ind":6,"ty":4,"nm":"background Outlines","sr":1,"ks":{"o":{"a":0,"k":100,"ix":11},"r":{"a":0,"k":0,"ix":10},"p":{"a":0,"k":[460.531,517.973,0],"ix":2},"a":{"a":0,"k":[236.985,236.986,0],"ix":1},"s":{"a":1,"k":[{"i":{"x":[0.667,0.667,0.667],"y":[1,1,1]},"o":{"x":[0.167,0.167,0.167],"y":[0.167,0.167,17.424]},"t":4,"s":[0,0,100]},{"i":{"x":[0.833,0.833,0.833],"y":[0.833,0.833,1.758]},"o":{"x":[0.333,0.333,0.333],"y":[0,0,0]},"t":16,"s":[115,115,100]},{"t":27,"s":[100,100,100]}],"ix":6}},"ao":0,"shapes":[{"ty":"gr","it":[{"ind":0,"ty":"sh","ix":1,"ks":{"a":0,"k":{"i":[[0,-130.745],[130.743,0],[0,130.745],[-130.746,0]],"o":[[0,130.745],[-130.746,0],[0,-130.745],[130.743,0]],"v":[[236.735,0],[0.002,236.736],[-236.735,0],[0.002,-236.736]],"c":true},"ix":2},"nm":"Path 1","mn":"ADBE Vector Shape - Group","hd":false},{"ty":"fl","c":{"a":0,"k":[0.28627450980392155,0.6549019607843137,0.6862745098039216,1],"ix":4},"o":{"a":0,"k":100,"ix":5},"r":1,"bm":0,"nm":"Fill 1","mn":"ADBE Vector Graphic - Fill","hd":false},{"ty":"tr","p":{"a":0,"k":[236.985,236.986],"ix":2},"a":{"a":0,"k":[0,0],"ix":1},"s":{"a":0,"k":[100,100],"ix":3},"r":{"a":0,"k":0,"ix":6},"o":{"a":0,"k":100,"ix":7},"sk":{"a":0,"k":0,"ix":4},"sa":{"a":0,"k":0,"ix":5},"nm":"Transform"}],"nm":"Group 1","np":2,"cix":2,"bm":0,"ix":1,"mn":"ADBE Vector Group","hd":false}],"ip":4,"op":86,"st":11,"bm":0}],"markers":[]}